company,city,segment,contact_name,role,email,source_url,pain_signal,recommended_plan,personalization_line,confidence,status,error,reply_at
Byblos Restaurant,Constanța,restaurant mic,Echipă,Contact general,restaurant@byblos-constanta.ro,https://byblos-constanta.ro/,"2 puncte de livrare (Tomis + Portul Tomis), comenzi prin SnapMenu, fără POS clasic vizibil, comandă minimă 50 lei.",pro,Byblos preia comenzi prin SnapMenu pe două puncte (Tomis + Port) — un POS unificat ar aduna ambele fluxuri într-o singură casă.,high,pending,,
La Scoica,Constanța,restaurant mic,Echipă,Contact general,office@lascoicalandconstanta.ro,https://lascoicalandconstanta.ro/,"Livrare telefonică pe fructe de mare și pește, 2 locații (oraș + Mamaia Nord), fără sistem online vizibil dincolo de telefon.",pro,La Scoica vinde fructe de mare pe două locații doar prin telefon — POS cu comenzi telefonice ar lega Mamaia Nord și orașul într-un singur raport.,high,pending,,
Cofetăria Giorginio,Constanța,takeaway/patiserie,Echipă,Comenzi,cofetariagiorginio@yahoo.com,https://www.giorginio.ro/contact/,"2 locații (Constanța + București), comenzi torturi prin telefon din 2005.",pro,"Giorginio ia comenzi de torturi prin telefon din 2005, pe două orașe — un POS comenzi ar ține evidența fără caiet.",medium,pending,,
Sophie Patisserie,Constanța,takeaway/patiserie,Echipă,Contact general,office@sophiepatisserie.com,https://www.sophiepatisserie.com/en/,"Torturi la comandă cu livrare prin Glovo, fără POS propriu vizibil pentru retail.",starter,Sophie livrează torturi prin Glovo dar retail-ul din vitrină merge fără POS propriu — cele două fluxuri s-ar vedea într-un singur loc.,high,pending,,
Mio Caffe,Constanța,cafenea,Echipă,Contact general,office@miocaffe.ro,https://miocaffe.ro/,"Cafenea + magazin online cu capsule și boabe, echipă barista certificată Essse Caffè, stoc retail separat de cel din cafenea.",pro,"Mio Caffe vinde și la bar, și capsule online — două stocuri diferite pe care POS-ul cu inventar le-ar ține separate corect.",high,pending,,
Atelierul Cafelei,Constanța,cafenea,Echipă,Comenzi,comenzi@atelierul-cafelei.ro,https://atelierul-cafelei.ro/,"Cafenea + shop online cu puncte de fidelitate, boabe verzi și prăjite vândute separat de consumul la bar.",starter,Atelierul Cafelei rulează bar + shop online cu puncte de fidelitate — stocul de boabe s-ar scădea corect din ambele canale cu un singur sistem.,high,pending,,
Cuib Cafe,Constanța,cafenea,Echipă,Contact general,cuibcafe@yahoo.com,https://www.turistulliber.ro/cafenele/judetul-constanta/orasul-constanta/cuib-cafe-cafeneaua-din-constanta-pentru-parinti-si-pitici/,"Concept mixt cafenea + librărie + florărie pentru părinți și copii, vânzări pe 3 categorii de produs fără sistem unificat.",starter,"Cuib vinde cafea, cărți și flori sub același acoperiș — trei categorii de produs care merită o singură casă cu raport unificat.",high,pending,,
Brutăria Toms,Constanța,takeaway/patiserie,Maria Țogui,Administrator,sctomssrl@yahoo.com,https://brutariatoms.ro/,"Brutărie de cartier cu 29 de ani vechime, comenzi doar telefonice, program 7 zile din 7.",starter,"Toms coace de 29 de ani și ia comenzi doar la telefon, 7 zile din 7 — POS-ul cu comenzi ar elibera dimineața de caiet.",high,pending,,
Restaurant La Stuf,Constanța,restaurant mic,Echipă,Contact general,contact@restaurant-la-stuf.ro,https://restaurant-la-stuf.ro/,"3 structuri de meniu (zi, săptămână, liber) plus meniuri de pomeni, preț de pornire 20 lei, fără livrare online.",starter,La Stuf jonglează trei structuri de meniu plus pomeni — POS cu meniuri predefinite ar face marcarea mai rapidă la prânz.,high,pending,,
La Ana și Ion,Constanța,restaurant mic,Ovidiu Cherametli,Contact general,ovidiucherametli@yahoo.com,https://constanta.cylex.ro/firma/la+ana+%C5%9Fi+ion+-+restaurant+rom%C3%A2nesc-1198596.html,"Meniu tradițional cu departament de pește dedicat, rezervări prin Facebook/telefon, fără sistem online de comandă.",starter,La Ana și Ion rezervările vin pe Facebook și telefon — o casă care leagă vânzarea de raportul zilnic ar închide seara fără hârtii.,medium,pending,,
Bistro de l'Arte,Brașov,restaurant mic,Oana Coantă,Chef & co-proprietar,info@bistrodelarte.ro,https://bistrodelarte.ro/,"Fine dining cu meniu sezonier, 20 de ani de activitate, rezervări online și telefonice, fără livrare.",pro,Bistro de l'Arte schimbă meniul sezonier de 20 de ani — rețete cu marjă calculată ar arăta exact ce aduce fiecare fel nou.,high,pending,,
Brutăria Mică,Brașov,takeaway/patiserie,Echipă,Comenzi,brutaria.mica.cu.maia@gmail.com,https://www.facebook.com/brutaria.mica.cu.maia/,"Pâine cu maia fermentată 48 de ore, comenzi telefon/WhatsApp, producție artizanală programată zilnic.",starter,Pâinea cu maia de 48 de ore cere producție planificată exact — comenzile din telefon/WhatsApp s-ar aduna într-o singură listă de copt.,medium,pending,,
Mons Mellis,Hărman (Brașov),takeaway/patiserie,Echipă,Contact general,contact@monsmellis.ro,https://monsmellis.ro/,"Brutărie artizanală cu cuptoare pe lemne și shop online cu livrare națională, fără POS fizic vizibil pentru retail.",pro,Mons Mellis vinde din cuptorul pe lemne și online în toată țara — vitrina fizică merită aceeași evidență ca shopul online.,high,pending,,
Engels Bistro,Cluj-Napoca,restaurant mic,Echipă,Contact general,bistroengels@yahoo.com,https://www.engelsbistro.ro/,"Bistro cu bar și breakfast, livrare prin Bolt Food și Glovo plus comenzi telefonice pentru pickup — 3 canale de vânzare separate.",pro,"Engels vinde pe Bolt, Glovo și telefon — trei canale care ajung seara în trei totaluri; un POS le-ar închide într-un singur raport Z.",high,pending,,
Cofetăria Steaua,Cluj-Napoca,takeaway/patiserie,Maria Miatur,Contact general,miatur.maria@gmail.com,https://cofetaria-steaua.ro/,"Laborator cofetărie cu peste 20 de ani vechime, comenzi telefon/email pentru evenimente, fără sistem online de comandă.",starter,Steaua ia comenzi de evenimente pe telefon și email de 20 de ani — un POS comenzi ar ține laboratorul și vitrina în același registru.,high,pending,,
Mr. Cake,Cluj-Napoca,takeaway/patiserie,Echipă,Comenzi,mr.cakecluj@gmail.com,https://mrcake.ro/,"Comenzi doar prin email/Messenger/telefon, catalog de produse în 3 limbi, fără coș de cumpărături online.",starter,"Mr. Cake preia comenzi pe email, Messenger și telefon — fără coș online, o casă cu comenzi ar aduna totul într-un singur flux.",high,pending,,
Casa Maramureșeană,Cluj-Napoca,restaurant mic,Echipă,Rezervări,office@casa-maramureseana.ro,https://casa-maramureseana.ro/en/contact/,"Restaurant tradițional cu petreceri corporate, rezervările telefonice au prioritate față de cele online, fără plată online.",pro,Casa Maramureșeană dă prioritate rezervărilor telefonice și găzduiește corporate — POS cu note de masă ar ușura serile aglomerate.,high,pending,,
Cofetăria Verona,Timișoara,takeaway/patiserie,Echipă,Comenzi,contact@cofetaria-verona.ro,https://cofetaria-verona.ro/,"Torturi, evenimente și candy bar pentru petreceri, comenzi prin telefon/email/portal, fără coș online vizibil.",pro,"Verona gestionează torturi, candy bar și evenimente pe trei canale de comandă — un singur sistem le-ar ține evidența fără dubluri.",high,pending,,
Cofetăria Vanilla,Timișoara,takeaway/patiserie,Echipă,Comenzi,comenzi@cofetariavanillatm.ro,https://cofetariavanillatm.ro/,"Adrese de email separate pentru contact general și comenzi, fără sistem unificat de preluare comenzi online.",starter,Vanilla are emailuri separate pentru contact și comenzi — un POS comenzi ar strânge totul într-o singură coadă de lucru.,high,pending,,
Emotion Cafe & Bar,Timișoara,cafenea,Echipă,Contact general,contact@emotiontm.ro,https://emotiontm.ro/contact/,"Cafe & bar în Piața Unirii, comenzi prin WhatsApp/social media, fără livrare sau POS online vizibil.",starter,Emotion ia comenzi pe WhatsApp și social media în Piața Unirii — casa legată de stoc ar arăta seara exact ce s-a vândut.,high,pending,,
Casa Bolta Rece,Iași,restaurant mic,Echipă,Contact general,office@casaboltarece.ro,https://www.casaboltarece.ro/contact/,"Restaurant cu carmangerie proprie, program 08:00-22:00 zilnic, rezervări prin formular, fără gestiune de stoc vizibilă.",pro,Bolta Rece are carmangerie proprie și program zilnic 8-22 — stocul pe ingrediente ar lega carmangeria de vânzările din sală.,high,pending,,
Hanu' Sărărie 1896,Iași,restaurant mic,Echipă,Rezervări,hanusararie1896@gmail.com,https://hanusararie1896.com/,"Berărie și steakhouse cu livrare FoodPanda și evenimente de nuntă/botez, numere de telefon separate pentru livrare vs. rezervări.",pro,"Hanu' Sărărie rulează FoodPanda, nunți și numere separate pentru livrare vs. rezervări — un POS le-ar aduna în aceeași închidere de zi.",high,pending,,
Rita Restaurant & Pizzerie,Iași,restaurant mic,Echipă,Contact general,office@ritafood.ro,https://www.ritafood.ro/,Pizzerie cu aplicație proprie iOS/Android pentru comenzi — au construit propriul app din lipsa unei soluții POS/livrare integrate.,pro,Rita și-a construit propriul app de comenzi — semn că sistemele existente nu v-au ajuns; POS-ul nostru se leagă direct de comenzi și stoc.,high,pending,,
Cofetăria Armonia,București,takeaway/patiserie,Echipă,Contact general,contact@armonia.ro,https://www.cofetariaarmonia.ro/,"Livrare națională plus ridicare gratuită din locație, program redus (miercuri-duminică), fără gestiune de stoc vizibilă online.",pro,"Armonia livrează național cu program de 4 zile — producția pe comenzi ar sta lângă vânzarea din locație, în același stoc.",high,pending,,
Casa Lazar,București,restaurant mic,Silviu Ionuț Lazăr,Proprietar,lazar_silviu_ionutz@yahoo.com,https://ialoc.ro/restaurante-bucuresti/casa-lazar-rezervari-344,"Restaurant tradițional de cartier în Rahova, fără rezervări online, doar telefon și email.",starter,"Casa Lazar ține Rahova pe telefon și email, fără rezervări online — o casă simplă cu raport Z ar închide ziua în 2 minute.",medium,pending,,
Coltu' Berarilor,București,restaurant mic,Echipă,Comenzi,comenzi@coltu-berarilor.ro,https://coltu-berarilor.ro/,"Pizza, paste și ciorbe plus evenimente (botez, pomeni) până la 60 de persoane, comenzi online și telefon/email separate.",pro,"Coltu' Berarilor face pizza, ciorbe și evenimente de 60 de persoane pe canale separate — un singur POS le-ar marca fără haos.",high,pending,,
